Workbook

Sheet Hybrides
A1: Solution | B1: Puissance publiée | C1: Donneur | D1: Dimensions publiées | E1: Modifications | F1: Source | G1: Nature de la preuve
A2: FVD K16/24 | B2: 555 hp | C2: Hybride K16/24 ; donneur précis à confirmer | D2: Entrée compresseur 47,5 mm | E2: Retouche turbine ; palier de butée renforcé | F2: FVD-K16-24 | G2: Capacité fournisseur ; aucune carte compresseur/turbine publiée
A3: TTE650 5050 | B3: 650 PS | C3: K16/8 originaux apportés | D3: Entrée compresseur 50 mm ; sortie turbine 50 mm | E3: Compresseur billet 6+6 ; turbine K16 retaillée ; paliers/actionneurs upgrade | F3: TTE-K16-650 | G3: Capacité fournisseur ; aucune carte compresseur/turbine publiée
A4: TTH K16-650 | B4: 650 PS | C4: K16 Porsche/BW ; carter chaud 8 | D4: Diamètres non publiés | E4: Compresseur usiné Extended Tip ; contour CNC ; turbine retaillée ; paliers/actionneurs renforcés | F4: TTH-K16-650 | G4: Capacité fournisseur ; aucune carte compresseur/turbine publiée
A5: TTE750 5154 | B5: 750 PS | C5: K24/10 obligatoires | D5: Entrée compresseur 51 mm ; sortie turbine 54 mm | E5: Roue compresseur BW moulée ; turbine K24 retaillée ; K16 exclus de cette offre | F5: TTE-K24-750 | G5: Capacité fournisseur ; aucune carte compresseur/turbine publiée
A6: TTE800 5154 | B6: 800 PS+ sur 102 RON | C6: K24/10 | D6: Entrée compresseur 51 mm ; sortie turbine 54 mm | E6: Nouvelle turbine/arbre TTE 9 pales et carter usiné ; compresseur billet | F6: TTE-K24-800 | G6: Capacité fournisseur ; aucune carte compresseur/turbine publiée
A7: TTH K24-750 | B7: 750 PS | C7: K24 ; carter chaud 10 | D7: Diamètres non publiés | E7: Compresseur usiné ; turbine retaillée ; paliers/actionneurs renforcés | F7: TTH-K24-750 | G7: Capacité fournisseur ; aucune carte compresseur/turbine publiée

Sheet Sources
A1: Groupe | B1: ID | C1: Titre | D1: URL | E1: Vérification | F1: Type | G1: Limites
A2: hybrides | B2: FVD-K16-24 | C2: FVD K16/24 left, FVD123013 | D2: https://www.fvd.net/fr/shop/turbocompr-sport-k16-24-g-pour-993-fvd123013~p262679 | E2: HTTP 200 | F2: primary_supplier_specification | G2: 100,000 rpm is a balancing condition, not a maximum operating-speed specification | No exducer, turbine diameters, wheel alloy, complete profile, pressure-ratio, corrected flow, efficiency, or shaft-speed curve
A3: hybrides | B3: TTH-K16-650 | C3: TTH 993 Turbo K16 650PS, TTH-993-650B | D3: https://www.turbo-technik-hamburg.de/shop/porsche/911/993/435/porsche-911-993-turbo-k16-650ps | E3: HTTP 200 | F3: primary_supplier_specification | G3: No wheel diameter, pressure-ratio, corrected flow, speed, efficiency, temperature data or dyno configuration | 0.05g balance statement does not identify radius or balance quality grade
A4: hybrides | B4: TTE-K16-650 | C4: TTE650 5050 Porsche 993, TTE10488.1 | D4: https://tteglobal.com/porsche/911/993-turbo/490/tte650-5050-porsche-993-upgrade-turbochargers | E4: HTTP 200 | F4: primary_supplier_specification | G4: No compressor exducer/turbine inducer, wheel material grade, design profile, shaft speed map, thermal limits or actual 993 dyno graph | General up-to-250,000 rpm VSR statement is application dependent and not an operating-speed declaration for this 993 product | Download Media Pack links to filename TTE650-996-20181217T091152Z-001.zip; do not treat 996 media as 993 evidence
A5: hybrides | B5: TTE-K24-750 | C5: TTE750 5154 Porsche 993, SW10064.1 | D5: https://tteglobal.com/porsche/911/993-turbo/65/tte750-5154-porsche-993-upgrade-turbochargers | E5: HTTP 200 | F5: primary_supplier_specification | G5: Actuator crack pressure is not full-load commanded boost | No compressor exducer/turbine inducer or operating-point data
A6: hybrides | B6: TTE-K24-800 | C6: TTE800 5154 Porsche 993, SW10065.1 | D6: https://tteglobal.com/porsche/911/993-turbo/66/tte800-5154-porsche-993-upgrade-turbochargers | E6: HTTP 200 | F6: primary_supplier_specification | G6: Supplier 800PS+ capacity is not a dyno curve nor guaranteed M64/60 road durability | No pressure-ratio, corrected flow, efficiency, compressor exducer or shaft-speed operating envelope
A7: hybrides | B7: TTH-K24-750 | C7: TTH 993 K24 750PS, TTH-993-750B | D7: https://www.turbo-technik-hamburg.de/shop/porsche/911/993/436/porsche-911-993-gt2-wls-i-ii-turbo-s-3-6-t-k24-750ps | E7: HTTP 200 | F7: primary_supplier_specification | G7: No wheel diameters, operating points, map, shaft speed or thermal data
A8: hybrides | B8: BORGWARNER-993-UPGRADE | C8: BorgWarner Turbo Performance catalogue, PDF page 56 | D8: https://www.borgwarner.com/docs/default-source/iam/boosting-technologies/bw_turbo-performance-catalog.pdf#page=56 | E8: HTTP 200 | F8: primary_manufacturer_catalogue | G8: Catalogue labels hp, not PS; preserve unit as published | This is a product/application limit table, not a measured M64/60 dyno sheet | Catalogue contains other compressor maps, but no map for these K16-6735/6736 or upgrade references is linked on the 993 row
A9: hybrides | B9: CARGRAPHIC-993-K16-24 | C9: Cargraphic Powerkit 2 LKP93T300S2 | D9: https://www.cargraphic.de/en/your-vehicle/for-porsche/for-911/for-993/for-turbo-turbo-s-36l/engine-upgrade-kits-porsche-993-turbo-s-36l/power-kit-2-for-porsche-993-turbo-36l/lkp93t300s2/ | E9: HTTP 200 | F9: primary_tuner_specification | G9: No plotted dyno trace, boost trace, test atmosphere or turbo map published
A10: hybrides | B10: TURBO-DYNAMICS-MD433 | C10: Turbo Dynamics MD433 product and Porsche category | D10: https://www.turbodynamics.co.uk/Products/Porsche_911_Hybrid_Turbos/MD433 | E10: HTTP 200 | F10: primary_supplier_page_without_specification | G10: Product page does not currently establish 993 donor/reference, geometry or capacity; use as supplier contact lead only
A11: hybrides | B11: TURBO-TECHNICS-GENERAL | C11: Turbo Technics performance turbos | D11: https://turbotechnics.com/performance-turbos/ | E11: HTTP 200 | F11: primary_supplier_generic_process | G11: Generic hybrid/bespoke capability page, no verified public 993 product datasheet or map found in this search
A12: ruf | B12: ruf-uk-turbo-r-current | C12: RUF Automobile UK – RUF Turbo R, 993 Turbo conversion | D12: https://www.rufautomobile.co.uk/ruf-turbo-r | E12: HTTP 200, text read | F12: RUF representative specification | G12: Current rebuild specification must not be projected onto original 1998 Turbo R. | 405 kW corresponds to approximately 550 PS, but approximately 543 bhp: source mixes unit labels. Preserve source wording. | No wheel geometry, pressure-ratio/flow/efficiency/speed map, turbine swallowing map, boost trace, fuel or ECU tables.
... A25: cartes | B25: map-turbomap-porsche-996-k16 | C25: Turbomap.ch – Turbocharger Database, gasoline applications | D25: https://www.turbomap.ch/Home/TCDatabase | E25: Public catalogue HTTP200 ; jeux de données sur devis, pas acquis | F25: Jeux numériques compresseur et turbine proposés, non téléchargés | G25: Porsche996, moteurM96/70 refroidi par eau, référence complète turbo et pièces internes à demander au fournisseur. Ne pas attribuer cette carte au M64/60 993 sans comparaison. Pas de contact envoyé ni devis demandé.
A26: cartes | B26: map-garrett-g25-550 | C26: Garrett G-Series G25-550 | D26: https://www.garrettmotion.com/racing-and-performance/performance-catalog/turbo/g-series-g25-550/ | E26: Public HTTP200, cartes inspectées visuellement | F26: Carte compresseur et courbes débit corrigé turbine vs rapport de pression
A27: cartes | B27: map-garrett-gt2860rs | C27: Garrett GT2860RS | D27: https://www.garrettmotion.com/racing-and-performance/performance-catalog/turbo/gt2860rs/ | E27: Public HTTP200 page ; URLs cartes présentes dans page fabricant | F27: Carte compresseur et courbes débit turbine
A28: cartes | B28: map-borgwarner-efr6258 | C28: BorgWarner Performance Turbocharger Catalog – EFR6258 | D28: https://www.borgwarner.com/docs/default-source/iam/boosting-technologies/bw_turbo-performance-catalog.pdf | E28: PublicPDF déjà acquis ; page inspectée visuellement | F28: Carte compresseur ; pas de carte turbine complète repérée à cette page
A29: cartes | B29: map-borgwarner-efr6758 | C29: BorgWarner Performance Turbocharger Catalog – EFR6758 | D29: https://www.borgwarner.com/docs/default-source/iam/boosting-technologies/bw_turbo-performance-catalog.pdf | E29: PublicPDF déjà acquis ; page inspectée visuellement | F29: Carte compresseur ; pas de carte turbine complète repérée à cette page
A30: cartes | B30: map-sjm-audi-k24 | C30: SJM Audi K24 Turbo Map | D30: https://www.sjmautotechnik.com/parts_products/turbo/k24.html | E30: PublicHTTP200 page, carte liée | F30: Carte compresseur Audi | G30: Ce K24Audi n'est pas automatiquement le K24Porsche993. Le nomK24 seul est insuffisant.
A31: cartes | B31: map-sjm-audi-rs2 | C31: SJM Audi RS2 Turbo Map | D31: https://www.sjmautotechnik.com/parts_products/turbo/rs2.html | E31: PublicHTTP200 page, carte liée | F31: Carte compresseur AudiRS2 | G31: Moteur différent du993, référence différente ; collaboration historiquePorscheRS2 ne fait pas de cette carte une cartePorsche993.
A32: cartes | B32: method-garrett-tech103 | C32: Garrett Turbo Tech103 Expert: Compressor Mapping (2019) | D32: https://www.garrettmotion.com/wp-content/uploads/2019/10/GAM_Turbo-Tech-103_Expert-1.pdf | E32: PublicHTTP200PDF,13pages | F32: Méthodologie de lecture et choix de carte
A33: cartes | B33: method-garrett-system-optimization | C33: Garrett Turbo System Optimization | D33: https://www.garrettmotion.com/racing-and-performance/choosing-a-turbocharger/turbo-system-optimization/ | E33: PublicHTTP200
A34: restomod | B34: singer-classic-turbo-2022 | C34: Singer presents results of Classic Turbo services | D34: https://singervehicledesign.com/press/singer-presents-results-of-classic-turbo-services/ | E34: Contenu officiel consulté le 02/10/2026 | F34: Communiqué constructeur / fiche descriptive | G34: Ce moteur n’est pas le M64/60 3,6 L de série : cylindrée, admission, intercooling et commande de wastegate différents ; aucun fabricant/référence turbo publié dans cette page.
A35: restomod | B35: singer-dls-turbo-2023 | C35: Singer presents DLS Turbo services | D35: https://singervehicledesign.com/press/singer-presents-dls-turbo-services/ | E35: Contenu officiel consulté le 02/10/2026 | F35: Communiqué constructeur / fiche descriptive | G35: Quatre soupapes par cylindre et 9000 tr/min changent le débit, le rendement volumétrique et les besoins de matching ; ce n’est pas une référence de K16 hybride pour 993 standard.
A36: restomod | B36: singer-sorcerer-2026 | C36: Singer presents Sorcerer, the first Porsche 911 reimagined through DLS Turbo services | D36: https://singervehicledesign.com/press/singer-presents-sorcerer-the-first-porsche-911-reimagined-for-its-owner-through-dls-turbo-services/ | E36: Contenu officiel consulté le 02/10/2026 | F36: Communiqué constructeur / configuration livrée | G36: Culasses à eau, quatre soupapes et turbines à géométrie variable constituent une architecture différente des K16 à géométrie fixe du M64/60 ; le nom Mezger ne suffit pas à établir une équivalence.
A37: restomod | B37: guntherwerks-turbo-current | C37: Gunther Werks Turbo - fiche actuelle | D37: https://guntherwerks.com/programs/turbo/ | E37: Contenu officiel consulté le 02/10/2026 | F37: Fiche constructeur actuelle consultée en octobre 2026 | G37: La base de caisse 993 ne prouve pas la conservation du M64/60 ni des carters K16. Passage à 4,0 L et autre admission/commande ; aucun élément permettant de reconstruire une carte OEM.
A38: base et méthode | B38: P01 | C38: Porsche UK — the Turbo, 1995 | D38: https://raw.githubusercontent.com/pubstack/pubstack.github.io/master/static/993/Brochure%20-%20Porsche%20UK%20993%20-%20the%20Turbo%20%5B1995%5D.pdf | E38: Consulté ; PDF p.7 et p.22 | F38: Porsche / archive | G38: Courbe moteur, pas carte compresseur.
A39: base et méthode | B39: P02 | C39: TurboMaster — K16 droit 5316-988-6735 | D39: https://www.turbomaster.com/eng/turbo/borgwarner/5316-988-6735/ | E39: Consulté HTTP 200 | F39: Nomenclature distributeur | G39: K16-2467GGA/8.88 ; CHRA 5316-710-0520 ; ne donne pas une carte.
A40: base et méthode | B40: P03 | C40: TurboMaster — K16 gauche 5316-988-6736 | D40: https://www.turbomaster.com/eng/turbo/borgwarner/5316-988-6736/ | E40: Consulté HTTP 200 | F40: Nomenclature distributeur | G40: Différences de référence des carters de palier droite/gauche.
A41: base et méthode | B41: M01 | C41: BorgWarner — MatchBot | D41: https://www.borgwarner.com/aftermarket/boosting-technologies/performance-turbochargers/matchbot | E41: Consulté HTTP 200 | F41: Outil fabricant | G41: Calcul de matching ; ne constitue pas une carte K16 mesurée.

Sheet Paramètres
A1: Paramètre | B1: Valeur | C1: Unité / convention
A2: Cylindrée | B2: 0.0036 | C2: m³
A3: VE supposé | B3: 0.9 | C3: fraction
A4: T collecteur | B4: 50 | C4: °C
A5: T entrée compresseur | B5: 20 | C5: °C
A6: P ambiante | B6: 1 | C6: bar absolu
A7: Perte admission avant compresseur | B7: 0.05 | C7: bar
A8: Perte aval compresseur | B8: 0.1 | C8: bar
A9: Constante air | B9: 287.05 | C9: J/kg/K
A10: T de référence débit corrigé | B10: 288.15 | C10: K ; remplacer par convention carte choisie
A11: P de référence débit corrigé | B11: 1.01325 | C11: bar absolu ; remplacer par convention carte choisie
A12: Turbos parallèles | B12: 2 | C12: partage égal supposé
A13: kg/s vers lb/min | B13: 132.27736 | C13: facteur

Sheet Matching modifiable
A1: Régime moteur tr/min | B1: Boost supposé bar | C1: P collecteur abs bar | D1: P entrée abs bar | E1: PR compresseur | F1: Débit kg/s par turbo | G1: Débit lb/min par turbo | H1: Débit corrigé kg/s | I1: Débit corrigé lb/min | J1: Statut
A2: 3500 | B2: 0.8 | C2: ='Paramètres'!B6+B2 | D2: ='Paramètres'!B6-'Paramètres'!B7 | E2: =(C2+'Paramètres'!B8)/D2 | F2: ='Paramètres'!B2*A2/120*'Paramètres'!B3*C2*100000/('Paramètres'!B9*('Paramètres'!B4+273.15))/'Paramètres'!B12 | G2: =F2*'Paramètres'!B13 | H2: =F2*SQRT(('Paramètres'!B5+273.15)/'Paramètres'!B10)/(D2/'Paramètres'!B11) | I2: =H2*'Paramètres'!B13 | J2: Modèle ; aucune pression ou puissance validée
A3: 4500 | B3: 0.8 | C3: ='Paramètres'!B6+B3 | D3: ='Paramètres'!B6-'Paramètres'!B7 | E3: =(C3+'Paramètres'!B8)/D3 | F3: ='Paramètres'!B2*A3/120*'Paramètres'!B3*C3*100000/('Paramètres'!B9*('Paramètres'!B4+273.15))/'Paramètres'!B12 | G3: =F3*'Paramètres'!B13 | H3: =F3*SQRT(('Paramètres'!B5+273.15)/'Paramètres'!B10)/(D3/'Paramètres'!B11) | I3: =H3*'Paramètres'!B13 | J3: Modèle ; aucune pression ou puissance validée
A4: 5500 | B4: 0.8 | C4: ='Paramètres'!B6+B4 | D4: ='Paramètres'!B6-'Paramètres'!B7 | E4: =(C4+'Paramètres'!B8)/D4 | F4: ='Paramètres'!B2*A4/120*'Paramètres'!B3*C4*100000/('Paramètres'!B9*('Paramètres'!B4+273.15))/'Paramètres'!B12 | G4: =F4*'Paramètres'!B13 | H4: =F4*SQRT(('Paramètres'!B5+273.15)/'Paramètres'!B10)/(D4/'Paramètres'!B11) | I4: =H4*'Paramètres'!B13 | J4: Modèle ; aucune pression ou puissance validée
A5: 6000 | B5: 0.8 | C5: ='Paramètres'!B6+B5 | D5: ='Paramètres'!B6-'Paramètres'!B7 | E5: =(C5+'Paramètres'!B8)/D5 | F5: ='Paramètres'!B2*A5/120*'Paramètres'!B3*C5*100000/('Paramètres'!B9*('Paramètres'!B4+273.15))/'Paramètres'!B12 | G5: =F5*'Paramètres'!B13 | H5: =F5*SQRT(('Paramètres'!B5+273.15)/'Paramètres'!B10)/(D5/'Paramètres'!B11) | I5: =H5*'Paramètres'!B13 | J5: Modèle ; aucune pression ou puissance validée
A6: 6500 | B6: 0.8 | C6: ='Paramètres'!B6+B6 | D6: ='Paramètres'!B6-'Paramètres'!B7 | E6: =(C6+'Paramètres'!B8)/D6 | F6: ='Paramètres'!B2*A6/120*'Paramètres'!B3*C6*100000/('Paramètres'!B9*('Paramètres'!B4+273.15))/'Paramètres'!B12 | G6: =F6*'Paramètres'!B13 | H6: =F6*SQRT(('Paramètres'!B5+273.15)/'Paramètres'!B10)/(D6/'Paramètres'!B11) | I6: =H6*'Paramètres'!B13 | J6: Modèle ; aucune pression ou puissance validée
A7: 3500 | B7: 1 | C7: ='Paramètres'!B6+B7 | D7: ='Paramètres'!B6-'Paramètres'!B7 | E7: =(C7+'Paramètres'!B8)/D7 | F7: ='Paramètres'!B2*A7/120*'Paramètres'!B3*C7*100000/('Paramètres'!B9*('Paramètres'!B4+273.15))/'Paramètres'!B12 | G7: =F7*'Paramètres'!B13 | H7: =F7*SQRT(('Paramètres'!B5+273.15)/'Paramètres'!B10)/(D7/'Paramètres'!B11) | I7: =H7*'Paramètres'!B13 | J7: Modèle ; aucune pression ou puissance validée
A8: 4500 | B8: 1 | C8: ='Paramètres'!B6+B8 | D8: ='Paramètres'!B6-'Paramètres'!B7 | E8: =(C8+'Paramètres'!B8)/D8 | F8: ='Paramètres'!B2*A8/120*'Paramètres'!B3*C8*100000/('Paramètres'!B9*('Paramètres'!B4+273.15))/'Paramètres'!B12 | G8: =F8*'Paramètres'!B13 | H8: =F8*SQRT(('Paramètres'!B5+273.15)/'Paramètres'!B10)/(D8/'Paramètres'!B11) | I8: =H8*'Paramètres'!B13 | J8: Modèle ; aucune pression ou puissance validée
A9: 5500 | B9: 1 | C9: ='Paramètres'!B6+B9 | D9: ='Paramètres'!B6-'Paramètres'!B7 | E9: =(C9+'Paramètres'!B8)/D9 | F9: ='Paramètres'!B2*A9/120*'Paramètres'!B3*C9*100000/('Paramètres'!B9*('Paramètres'!B4+273.15))/'Paramètres'!B12 | G9: =F9*'Paramètres'!B13 | H9: =F9*SQRT(('Paramètres'!B5+273.15)/'Paramètres'!B10)/(D9/'Paramètres'!B11) | I9: =H9*'Paramètres'!B13 | J9: Modèle ; aucune pression ou puissance validée
A10: 6000 | B10: 1 | C10: ='Paramètres'!B6+B10 | D10: ='Paramètres'!B6-'Paramètres'!B7 | E10: =(C10+'Paramètres'!B8)/D10 | F10: ='Paramètres'!B2*A10/120*'Paramètres'!B3*C10*100000/('Paramètres'!B9*('Paramètres'!B4+273.15))/'Paramètres'!B12 | G10: =F10*'Paramètres'!B13 | H10: =F10*SQRT(('Paramètres'!B5+273.15)/'Paramètres'!B10)/(D10/'Paramètres'!B11) | I10: =H10*'Paramètres'!B13 | J10: Modèle ; aucune pression ou puissance validée
A11: 6500 | B11: 1 | C11: ='Paramètres'!B6+B11 | D11: ='Paramètres'!B6-'Paramètres'!B7 | E11: =(C11+'Paramètres'!B8)/D11 | F11: ='Paramètres'!B2*A11/120*'Paramètres'!B3*C11*100000/('Paramètres'!B9*('Paramètres'!B4+273.15))/'Paramètres'!B12 | G11: =F11*'Paramètres'!B13 | H11: =F11*SQRT(('Paramètres'!B5+273.15)/'Paramètres'!B10)/(D11/'Paramètres'!B11) | I11: =H11*'Paramètres'!B13 | J11: Modèle ; aucune pression ou puissance validée
A12: 3500 | B12: 1.2 | C12: ='Paramètres'!B6+B12 | D12: ='Paramètres'!B6-'Paramètres'!B7 | E12: =(C12+'Paramètres'!B8)/D12 | F12: ='Paramètres'!B2*A12/120*'Paramètres'!B3*C12*100000/('Paramètres'!B9*('Paramètres'!B4+273.15))/'Paramètres'!B12 | G12: =F12*'Paramètres'!B13 | H12: =F12*SQRT(('Paramètres'!B5+273.15)/'Paramètres'!B10)/(D12/'Paramètres'!B11) | I12: =H12*'Paramètres'!B13 | J12: Modèle ; aucune pression ou puissance validée
A13: 4500 | B13: 1.2 | C13: ='Paramètres'!B6+B13 | D13: ='Paramètres'!B6-'Paramètres'!B7 | E13: =(C13+'Paramètres'!B8)/D13 | F13: ='Paramètres'!B2*A13/120*'Paramètres'!B3*C13*100000/('Paramètres'!B9*('Paramètres'!B4+273.15))/'Paramètres'!B12 | G13: =F13*'Paramètres'!B13 | H13: =F13*SQRT(('Paramètres'!B5+273.15)/'Paramètres'!B10)/(D13/'Paramètres'!B11) | I13: =H13*'Paramètres'!B13 | J13: Modèle ; aucune pression ou puissance validée
A14: 5500 | B14: 1.2 | C14: ='Paramètres'!B6+B14 | D14: ='Paramètres'!B6-'Paramètres'!B7 | E14: =(C14+'Paramètres'!B8)/D14 | F14: ='Paramètres'!B2*A14/120*'Paramètres'!B3*C14*100000/('Paramètres'!B9*('Paramètres'!B4+273.15))/'Paramètres'!B12 | G14: =F14*'Paramètres'!B13 | H14: =F14*SQRT(('Paramètres'!B5+273.15)/'Paramètres'!B10)/(D14/'Paramètres'!B11) | I14: =H14*'Paramètres'!B13 | J14: Modèle ; aucune pression ou puissance validée
A15: 6000 | B15: 1.2 | C15: ='Paramètres'!B6+B15 | D15: ='Paramètres'!B6-'Paramètres'!B7 | E15: =(C15+'Paramètres'!B8)/D15 | F15: ='Paramètres'!B2*A15/120*'Paramètres'!B3*C15*100000/('Paramètres'!B9*('Paramètres'!B4+273.15))/'Paramètres'!B12 | G15: =F15*'Paramètres'!B13 | H15: =F15*SQRT(('Paramètres'!B5+273.15)/'Paramètres'!B10)/(D15/'Paramètres'!B11) | I15: =H15*'Paramètres'!B13 | J15: Modèle ; aucune pression ou puissance validée
A16: 6500 | B16: 1.2 | C16: ='Paramètres'!B6+B16 | D16: ='Paramètres'!B6-'Paramètres'!B7 | E16: =(C16+'Paramètres'!B8)/D16 | F16: ='Paramètres'!B2*A16/120*'Paramètres'!B3*C16*100000/('Paramètres'!B9*('Paramètres'!B4+273.15))/'Paramètres'!B12 | G16: =F16*'Paramètres'!B13 | H16: =F16*SQRT(('Paramètres'!B5+273.15)/'Paramètres'!B10)/(D16/'Paramètres'!B11) | I16: =H16*'Paramètres'!B13 | J16: Modèle ; aucune pression ou puissance validée
A17: 3500 | B17: 1.4 | C17: ='Paramètres'!B6+B17 | D17: ='Paramètres'!B6-'Paramètres'!B7 | E17: =(C17+'Paramètres'!B8)/D17 | F17: ='Paramètres'!B2*A17/120*'Paramètres'!B3*C17*100000/('Paramètres'!B9*('Paramètres'!B4+273.15))/'Paramètres'!B12 | G17: =F17*'Paramètres'!B13 | H17: =F17*SQRT(('Paramètres'!B5+273.15)/'Paramètres'!B10)/(D17/'Paramètres'!B11) | I17: =H17*'Paramètres'!B13 | J17: Modèle ; aucune pression ou puissance validée
A18: 4500 | B18: 1.4 | C18: ='Paramètres'!B6+B18 | D18: ='Paramètres'!B6-'Paramètres'!B7 | E18: =(C18+'Paramètres'!B8)/D18 | F18: ='Paramètres'!B2*A18/120*'Paramètres'!B3*C18*100000/('Paramètres'!B9*('Paramètres'!B4+273.15))/'Paramètres'!B12 | G18: =F18*'Paramètres'!B13 | H18: =F18*SQRT(('Paramètres'!B5+273.15)/'Paramètres'!B10)/(D18/'Paramètres'!B11) | I18: =H18*'Paramètres'!B13 | J18: Modèle ; aucune pression ou puissance validée
A19: 5500 | B19: 1.4 | C19: ='Paramètres'!B6+B19 | D19: ='Paramètres'!B6-'Paramètres'!B7 | E19: =(C19+'Paramètres'!B8)/D19 | F19: ='Paramètres'!B2*A19/120*'Paramètres'!B3*C19*100000/('Paramètres'!B9*('Paramètres'!B4+273.15))/'Paramètres'!B12 | G19: =F19*'Paramètres'!B13 | H19: =F19*SQRT(('Paramètres'!B5+273.15)/'Paramètres'!B10)/(D19/'Paramètres'!B11) | I19: =H19*'Paramètres'!B13 | J19: Modèle ; aucune pression ou puissance validée
A20: 6000 | B20: 1.4 | C20: ='Paramètres'!B6+B20 | D20: ='Paramètres'!B6-'Paramètres'!B7 | E20: =(C20+'Paramètres'!B8)/D20 | F20: ='Paramètres'!B2*A20/120*'Paramètres'!B3*C20*100000/('Paramètres'!B9*('Paramètres'!B4+273.15))/'Paramètres'!B12 | G20: =F20*'Paramètres'!B13 | H20: =F20*SQRT(('Paramètres'!B5+273.15)/'Paramètres'!B10)/(D20/'Paramètres'!B11) | I20: =H20*'Paramètres'!B13 | J20: Modèle ; aucune pression ou puissance validée
A21: 6500 | B21: 1.4 | C21: ='Paramètres'!B6+B21 | D21: ='Paramètres'!B6-'Paramètres'!B7 | E21: =(C21+'Paramètres'!B8)/D21 | F21: ='Paramètres'!B2*A21/120*'Paramètres'!B3*C21*100000/('Paramètres'!B9*('Paramètres'!B4+273.15))/'Paramètres'!B12 | G21: =F21*'Paramètres'!B13 | H21: =F21*SQRT(('Paramètres'!B5+273.15)/'Paramètres'!B10)/(D21/'Paramètres'!B11) | I21: =H21*'Paramètres'!B13 | J21: Modèle ; aucune pression ou puissance validée

Sheet Calculs figés
A1: rpm | B1: boost_bar | C1: VE | D1: Tman_C | E1: Tin_C | F1: pamb_bar | G1: perte_entree_bar | H1: perte_sortie_bar | I1: pman_abs_bar | J1: pin_abs_bar | K1: PR | L1: m_kg_s_par_turbo | M1: m_lb_min_par_turbo | N1: mc_kg_s_par_turbo | O1: mc_lb_min_par_turbo
A2: 3500 | B2: 0.8 | C2: 0.9 | D2: 50 | E2: 20 | F2: 1 | G2: 0.05 | H2: 0.1 | I2: 1.8 | J2: 0.95 | K2: 2 | L2: 0.091688023 | M2: 12.128249 | N2: 0.098637317 | O2: 13.047484
A3: 4500 | B3: 0.8 | C3: 0.9 | D3: 50 | E3: 20 | F3: 1 | G3: 0.05 | H3: 0.1 | I3: 1.8 | J3: 0.95 | K3: 2 | L3: 0.1178846 | M3: 15.593463 | N3: 0.12681941 | O3: 16.775336
A4: 5500 | B4: 0.8 | C4: 0.9 | D4: 50 | E4: 20 | F4: 1 | G4: 0.05 | H4: 0.1 | I4: 1.8 | J4: 0.95 | K4: 2 | L4: 0.14408118 | M4: 19.058677 | N4: 0.1550015 | O4: 20.503189
A5: 6000 | B5: 0.8 | C5: 0.9 | D5: 50 | E5: 20 | F5: 1 | G5: 0.05 | H5: 0.1 | I5: 1.8 | J5: 0.95 | K5: 2 | L5: 0.15717947 | M5: 20.791285 | N5: 0.16909254 | O5: 22.367115
A6: 6500 | B6: 0.8 | C6: 0.9 | D6: 50 | E6: 20 | F6: 1 | G6: 0.05 | H6: 0.1 | I6: 1.8 | J6: 0.95 | K6: 2 | L6: 0.17027776 | M6: 22.523892 | N6: 0.18318359 | O6: 24.231041
A7: 3500 | B7: 1 | C7: 0.9 | D7: 50 | E7: 20 | F7: 1 | G7: 0.05 | H7: 0.1 | I7: 2 | J7: 0.95 | K7: 2.2105263 | L7: 0.10187558 | M7: 13.475833 | N7: 0.10959702 | O7: 14.497204
A8: 4500 | B8: 1 | C8: 0.9 | D8: 50 | E8: 20 | F8: 1 | G8: 0.05 | H8: 0.1 | I8: 2 | J8: 0.95 | K8: 2.2105263 | L8: 0.13098289 | M8: 17.32607 | N8: 0.14091045 | O8: 18.639262
A9: 5500 | B9: 1 | C9: 0.9 | D9: 50 | E9: 20 | F9: 1 | G9: 0.05 | H9: 0.1 | I9: 2 | J9: 0.95 | K9: 2.2105263 | L9: 0.1600902 | M9: 21.176308 | N9: 0.17222389 | O9: 22.781321
A10: 6000 | B10: 1 | C10: 0.9 | D10: 50 | E10: 20 | F10: 1 | G10: 0.05 | H10: 0.1 | I10: 2 | J10: 0.95 | K10: 2.2105263 | L10: 0.17464385 | M10: 23.101427 | N10: 0.1878806 | O10: 24.85235
A11: 6500 | B11: 1 | C11: 0.9 | D11: 50 | E11: 20 | F11: 1 | G11: 0.05 | H11: 0.1 | I11: 2 | J11: 0.95 | K11: 2.2105263 | L11: 0.18919751 | M11: 25.026546 | N11: 0.20353732 | O11: 26.923379
A12: 3500 | B12: 1.2 | C12: 0.9 | D12: 50 | E12: 20 | F12: 1 | G12: 0.05 | H12: 0.1 | I12: 2.2 | J12: 0.95 | K12: 2.4210526 | L12: 0.11206314 | M12: 14.823416 | N12: 0.12055672 | O12: 15.946924
A13: 4500 | B13: 1.2 | C13: 0.9 | D13: 50 | E13: 20 | F13: 1 | G13: 0.05 | H13: 0.1 | I13: 2.2 | J13: 0.95 | K13: 2.4210526 | L13: 0.14408118 | M13: 19.058677 | N13: 0.1550015 | O13: 20.503189
... A21: 6500 | B21: 1.4 | C21: 0.9 | D21: 50 | E21: 20 | F21: 1 | G21: 0.05 | H21: 0.1 | I21: 2.4 | J21: 0.95 | K21: 2.6315789 | L21: 0.22703701 | M21: 30.031855 | N21: 0.24424479 | O21: 32.308055

Sheet Points forum
A1: Courbe | B1: Source | C1: Régime moteur | D1: Couple original | E1: Unité originale | F1: Couple Nm calculé | G1: P kW calculée | H1: P ch calculée | I1: P bhp calculée | J1: Statut
A2: porsche-k16-408-transcribed | B2: rennlist-k24-lag-page1 | C2: 2000 | D2: 300 | E2: Nm | F2: 300 | G2: 62.831853 | H2: 85.427546 | I2: 84.258903 | J2: secondhand transcription attributed to Porsche published curve
A3: porsche-k16-408-transcribed | B3: rennlist-k24-lag-page1 | C3: 2500 | D3: 400 | E3: Nm | F3: 400 | G3: 104.71976 | H3: 142.37924 | I3: 140.4315 | J3: secondhand transcription attributed to Porsche published curve
A4: porsche-k16-408-transcribed | B4: rennlist-k24-lag-page1 | C4: 2750 | D4: 425 | E4: Nm | F4: 425 | G4: 122.39121 | H4: 166.40574 | I4: 164.12932 | J4: secondhand transcription attributed to Porsche published curve
A5: porsche-k16-408-transcribed | B5: rennlist-k24-lag-page1 | C5: 3000 | D5: 455 | E5: Nm | F5: 455 | G5: 142.94247 | H5: 194.34767 | I5: 191.689 | J5: secondhand transcription attributed to Porsche published curve
A6: porsche-k16-408-transcribed | B6: rennlist-k24-lag-page1 | C6: 3500 | D6: 500 | E6: Nm | F6: 500 | G6: 183.25957 | H6: 249.16367 | I6: 245.75513 | J6: secondhand transcription attributed to Porsche published curve
A7: porsche-k16-408-transcribed | B7: rennlist-k24-lag-page1 | C7: 4000 | D7: 500 | E7: Nm | F7: 500 | G7: 209.43951 | H7: 284.75849 | I7: 280.86301 | J7: secondhand transcription attributed to Porsche published curve
A8: porsche-k24-450-transcribed | B8: rennlist-k24-lag-page1 | C8: 2000 | D8: 250 | E8: Nm | F8: 250 | G8: 52.359878 | H8: 71.189621 | I8: 70.215752 | J8: secondhand transcription attributed to Euro Turbo S 450PS Porsche curve
A9: porsche-k24-450-transcribed | B9: rennlist-k24-lag-page1 | C9: 2500 | D9: 350 | E9: Nm | F9: 350 | G9: 91.629786 | H9: 124.58184 | I9: 122.87757 | J9: secondhand transcription attributed to Euro Turbo S 450PS Porsche curve
A10: porsche-k24-450-transcribed | B10: rennlist-k24-lag-page1 | C10: 2750 | D10: 400 | E10: Nm | F10: 400 | G10: 115.19173 | H10: 156.61717 | I10: 154.47466 | J10: secondhand transcription attributed to Euro Turbo S 450PS Porsche curve
A11: porsche-k24-450-transcribed | B11: rennlist-k24-lag-page1 | C11: 3000 | D11: 475 | E11: Nm | F11: 475 | G11: 149.22565 | H11: 202.89042 | I11: 200.11489 | J11: secondhand transcription attributed to Euro Turbo S 450PS Porsche curve
A12: porsche-k24-450-transcribed | B12: rennlist-k24-lag-page1 | C12: 3500 | D12: 580 | E12: Nm | F12: 580 | G12: 212.5811 | H12: 289.02986 | I12: 285.07595 | J12: secondhand transcription attributed to Euro Turbo S 450PS Porsche curve
A13: porsche-k24-450-transcribed | B13: rennlist-k24-lag-page1 | C13: 4000 | D13: 575 | E13: Nm | F13: 575 | G13: 240.85544 | H13: 327.47226 | I13: 322.99246 | J13: secondhand transcription attributed to Euro Turbo S 450PS Porsche curve
... A45: ruf-1998-customer-engine-dyno | B45: rennlist-k24-lag-page2 | C45: 6000 | D45: 395 | E45: lb-ft | F45: 535.54809 | G45: 336.49479 | H45: 457.50559 | I45: 451.24694 | J45: forum transcription attributed to RUF customer dyno in 911 & Porsche World September 1998; original unseen

Sheet Protocole
A1: Étape | B1: Mesures / documents | C1: Utilité
A2: Identification | B2: Plaques 6735/6736, références de roues, carters, historique des réparations | C2: Écarter un donneur déjà hybride ou une substitution.
A3: Métrologie | B3: Inducer/exducer, nombre et profil des pales, trim, jeux, volutes, gorge turbine, masse/inertie ; scan 3D/CMM | C3: Comparer géométrie réelle aux cartes candidates ; les diamètres seuls ne décrivent pas l’aérodynamique.
A4: Essai compresseur | B4: Débit, pressions et températures totales entrée/sortie, vitesse arbre ; références de correction déclarées | C4: Points débit corrigé / PR / rendement pour plusieurs lignes de vitesse, y compris pompage et étranglement.
A5: Essai turbine | B5: Débit gaz corrigé, pression et température amont, pression aval, vitesse ; position wastegate | C5: Capacité d’absorption et rendement selon détente ; vérifier la contre-pression du carter chaud.
A6: Mesure moteur | B6: Régime, couple, air, carburant, lambda, avance/cliquetis, P/T admission et échappement, vitesse turbo par banc | C6: Séparer effets du moteur, échangeur, échappement et turbo. Débit total/2 seulement si partage vérifié.
A7: Validation hybride | B7: Équilibrage composants et CHRA, rapport VSR, limites fabricant, essais stabilisés et transitoires | C7: La modification des roues et carters exige la qualification du nouvel ensemble.

Sheet Questions fournisseur
A1: Sujet | B1: Données à obtenir
A2: Objectif | B2: Plus de 550 ch au vilebrequin, priorité puissance. Étudier 600 et 650 ch comme scénarios, sans les considérer comme objectif confirmé.
A3: Donneurs | B3: K16-6735/6736 d’origine ; préciser exactement ce qui est conservé, remplacé, usiné ou retaillé.
A4: Cartes | B4: Compresseur ET turbine du CHRA dans les carters proposés ; débit corrigé, PR/détente, rendement, vitesse et références P/T.
A5: Géométrie | B5: Références des roues ; diamètres entrée/sortie ; profils, pales, jeux ; section turbine ; modifications et actionneurs.
A6: Limites | B6: Vitesse maximale du nouvel ensemble, durée admissible, température gaz continue/transitoire, pressions huile et protocole VSR.
A7: Essai M64/60 | B7: Courbes couple/puissance et boost, débit, lambda, avance, carburant/RON, températures entrée/sortie échangeur, EGT, contre-pression, méthode de correction.
A8: Configuration | B8: Cylindrée, compression, culasses/cames, échappement/catalyseurs, échangeur, injecteurs/pompes/régulateur, DME et refroidissement.
A9: Traçabilité | B9: Numéro des donneurs et CHRA, contrôle fissures, rapport d’équilibrage et configuration exacte des essais.
